ID,Titik 1,Moda 1,Harga 1,Titik 2,Moda 2,Harga 2,Titik 3,Moda 3,Harga 3,Titik 4,Moda 4,Harga 4,Titik 5,Moda 5,harga 5,Titik 6,Moda 6,Harga 6,Titik 7,Moda 7,Harga 7,Titik 8,Moda 8,Harga 8,Titik 9,Titik 10,Column 29,Column 30,Column 31,Column 32,Column 33,Column 34,Column 35,Column 36,Total Harga
Rute-1,UI,Jalan Kaki,0,Universitas Indonesia Train Station,Bogor Line,3000,Cawang,Jalan Kaki (Integrasi),0,Cikoko,Cibubur Line,6400,Kuningan,13E,3500,CSW,Jalan Kaki (Integrasi),0,Kejaksaan Agung,1,0,Blok M,,,Blok M,,,,,,,,,,12900
Rute-2,UI,TJ 4B,3500,Manggarai,Cikarang Line,3000,Sudirman,Jalan Kaki (Integrasi),0,Dukuh Atas BNI,Bundaran HI - Lebak Bulus,7000,Blok M BCA,Jalan Kaki (Integrasi),0,Blok M,,,,,,,,,,,,,,,,,,,13500
Rute-3,UI,TJ 4B,,Manggarai,Cikarang Line,,Sudirman,Jalan Kaki (Integrasi),,Dukuh Atas,1,,Bundaran Senayan,1,,Blok M,,,Blok M,,,,,,,,,,,,,,,,0
Rute-4,UI,TJ 4B,3500,Manggarai,Cikarang Line,3000,Sudirman,Jalan Kaki (Integrasi),0,Dukuh Atas,1,3500,Blok M,,0,Blok M,,,,,,,,,,,,,,,,,,,10000
Rute-5,UI,TJ 4B,3500,Manggarai,4,3500,Galunggung,Jalan Kaki (Integrasi),0,Dukuh Atas,1,0,Bundaran Senayan,1,0,Blok M,,,Blok M,,,,,,,,,,,,,,,,7000
Rute-6,UI,TJ 4B,3500,Manggarai,4,3500,Galunggung,Jalan Kaki (Integrasi),0,Dukuh Atas,1,0,Blok M,,,Blok M,,,,,,,,,,,,,,,,,,,7000
Rute-7,UI,TJ D21,3500,St. MRT Fatmawati,Jalan Kaki (Integrasi),0,Fatmawati Indomaret,Bundaran HI - Lebak Bulus,7000,Blok M BCA,,0,Blok M,,,,,,,,,,,,,,,,,,,,,,10500
Rute-8,UI,Jalan Kaki,0,Universitas Indonesia Train Station,Bogor Line,3000,Cikini Station,Jalan Kaki (Integrasi),0,SMPN 8,4C,3500,Bundaran Senayan 1,1P,0,Blok M Jalur 2,,,Blok M,,,,,,,,,,,,,,,,6500
Rute-9,UI,Jalan Kaki,0,Universitas Indonesia Train Station,Bogor Line,3000,Cikini Station,Jalan Kaki (Integrasi),0,SMPN 8,4C,3500,Bundaran Senayan 1,Bogor - Blok M,0,Terminal Blok M,,,Blok M,,,,,,,,,,,,,,,,6500
Rute-10,UI,Jalan Kaki,0,Universitas Indonesia Train Station,Bogor Line,3000,Manggarai,Cikarang Line,0,Sudirman,Jalan Kaki (Integrasi),0,Stasiun Sudirman,AC52A,,Komdak 2,Jalan Kaki (Integrasi),,Komdak 1,Bogor - Blok M,,Terminal Blok M,,,Blok M,,,,,,,,,,3000
Rute-11,UI,Jalan Kaki,0,Universitas Indonesia Train Station,Bogor Line,3000,Manggarai,Cikarang Line,1000,Sudirman,Jalan Kaki (Integrasi),0,Dukuh Atas BNI,Bundaran HI - Lebak Bulus,7000,Blok M BCA,,,Blok M,,,,,,,,,,,,,,,,11000
Rute-12,UI,Jalan Kaki,0,Universitas Indonesia Train Station,Bogor Line,3000,Manggarai,Cikarang Line,1000,Sudirman,Jalan Kaki (Integrasi),0,Dukuh Atas,1,3500,Bundaran Senayan,1,0,Blok M,,,Blok M,,,,,,,,,,,,,7500
Rute-13,UI,Jalan Kaki,0,Universitas Indonesia Train Station,Bogor Line,3000,Manggarai,Cikarang Line,1000,Sudirman,Jalan Kaki (Integrasi),0,Dukuh Atas,1,,Blok M,,,Blok M,,,,,,,,,,,,,,,,4000
Rute-14,UI,Jalan Kaki,0,Universitas Indonesia Train Station,Bogor Line,3000,Manggarai,4,3500,Galunggung,Jalan Kaki (Integrasi),0,Dukuh Atas,1,0,Bundaran Senayan,1,0,Blok M,,,Blok M,,,,,,,,,,,,,6500
Rute-15,UI,Jalan Kaki,0,Universitas Indonesia Train Station,Bogor Line,3000,Manggarai,4,3500,Galunggung,Jalan Kaki (Integrasi),0,Dukuh Atas,1,0,Blok M,,,Blok M,,,,,,,,,,,,,,,,6500
Rute-16,UI,Jalan Kaki,0,Universitas Indonesia Train Station,Bogor Line,3000,Tebet,Jalan Kaki (Integrasi),0,Stasiun Tebet,6D,3500,Bundaran Senayan 1,1P,0,Blok M Jalur 2,,,Blok M,,,,,,,,,,,,,,,,6500
Rute-17,UI,Jalan Kaki,0,Universitas Indonesia Train Station,Bogor Line,3000,Tebet,Jalan Kaki (Integrasi),0,Stasiun Tebet,6D,3500,Bundaran Senayan 1,Bogor - Blok M,,Terminal Blok M,,,Blok M,,,,,,,,,,,,,,,,6500
Rute-18,UI,Jalan Kaki,0,Universitas Indonesia Train Station,Bogor Line,3000,Tanjung Barat,Jalan Kaki (Integrasi),0,St. Tj. Barat 2,D21,3500,St. MRT Fatmawati,Jalan Kaki (Integrasi),7000,Fatmawati Indomaret,Bundaran HI - Lebak Bulus,,Blok M BCA,,,Blok M,,,,,,,,,,,,,13500
Rute-19,UI,Jalan Kaki,0,Universitas Indonesia Train Station,D21,3500,St. MRT Fatmawati,Jalan Kaki (Integrasi),0,Kantor Pos Fatmawati,1E,3500,St. MRT Blok A ,1E,0,Blok M,,,,,,,,,,,,,,,,,,,7000
Rute-20,UI,Jalan Kaki,0,Universitas Indonesia Train Station,Bogor Line,3000,Cawang,Jalan Kaki (Integrasi),0,Cikoko Arah Barat,9,3500,Pancoran Arah Barat,13B,0,CSW 1,Jalan Kaki (Integrasi),0,Blok M,,,,,,,,,,,,,,,,6500
Rute-21,UI,Jalan Kaki,0,Universitas Indonesia Train Station,Bogor Line,3000,Cawang,Jalan Kaki (Integrasi),0,Cikoko Arah Barat,9,3500,Pancoran Arah Barat,9D,0,Tegal Parang 1,Jalan Kaki (Integrasi),0,Tegal Mampang,6V,,Kejaksaan Agung,,,Blok M,,,,,,,,,,6500
Rute-22,UI,Jalan Kaki,0,Universitas Indonesia Train Station,Bogor Line,3000,Cawang,Jalan Kaki (Integrasi),0,Cikoko Arah Barat,9,3500,Pancoran Arah Barat,9D,0,Tegal Parang 1,Jalan Kaki (Integrasi),0,Tegal Mampang,7B,,Blok M Jalur 2,,,Blok M,,,,,,,,,,6500
Rute-23,UI,Jalan Kaki,0,Universitas Indonesia Train Station,Bogor Line,3000,Cawang,Jalan Kaki (Integrasi),0,Cikoko Arah Barat,9,3500,Pancoran Arah Barat,4K,0,Kejaksaan Agung,Jalan Kaki (Integrasi),0,Blok M,,,,,,,,,,,,,,,,6500
Rute-24,UI,Jalan Kaki,0,Universitas Indonesia Train Station,Bogor Line,3000,Cawang,Jalan Kaki (Integrasi),0,Cikoko Arah Barat,9,3500,Pancoran Arah Barat,9,0,Tegal Parang Arah Barat,Jalan Kaki (Integrasi),0,Tegal Mampang,6V,,Kejaksaan Agung,,,Blok M,,,,,,,,,,6500
Rute-25,UI,Jalan Kaki,0,Universitas Indonesia Train Station,Bogor Line,3000,Cawang,Jalan Kaki (Integrasi),0,Cikoko Arah Barat,9,3500,Pancoran Arah Barat,9,0,Tegal Parang Arah Barat,Jalan Kaki (Integrasi),0,Tegal Mampang,7B,,Blok M Jalur 2,,,Blok M,,,,,,,,,,6500
Rute-26,UI,Jalan Kaki,0,Universitas Indonesia Train Station,Bogor Line,3000,Cawang,Jalan Kaki (Integrasi),0,Cikoko Arah Barat,9,3500,Pancoran Arah Barat,9C,0,Senayan Bank Jakarta,1,0,Blok M,,,Blok M,,,,,,,,,,,,,6500
Rute-27,UI,Jalan Kaki,0,Universitas Indonesia Train Station,Bogor Line,3000,Cawang,Jalan Kaki (Integrasi),0,Cikoko Arah Barat,9,3500,Semanggi,Jalan Kaki (Integrasi),0,Bendungan Hilir,Bundaran HI - Lebak Bulus,7000,Blok M BCA,,,Blok M,,,,,,,,,,,,,13500
Rute-28,UI,Jalan Kaki,0,Universitas Indonesia Train Station,Bogor Line,3000,Cawang,Jalan Kaki (Integrasi),0,Cikoko Arah Barat,9,3500,Tegal Parang Arah Barat,Jalan Kaki (Integrasi),0,Tegal Mampang,7B,0,Blok M Jalur 2,,,Blok M,,,,,,,,,,,,,6500
Rute-29,UI,Jalan Kaki,0,Universitas Indonesia Train Station,Bogor Line,3000,Cawang,Jalan Kaki (Integrasi),0,Cikoko Arah Barat,9C,3500,Senayan Bank Jakarta,1,0,Blok M,,0,Blok M,,,,,,,,,,,,,,,,6500
Rute-30,UI,Jalan Kaki,0,Universitas Indonesia Train Station,Bogor Line,3000,Cawang,Jalan Kaki (Integrasi),0,Cikoko Arah Barat,9C,3500,Bundaran Senayan,1,0,Blok M,,0,Blok M,,,,,,,,,,,,,,,,6500
Rute-31,UI,Jalan Kaki,0,Universitas Indonesia Train Station,Bogor Line,3000,Cawang,Jalan Kaki (Integrasi),0,Cikoko Arah Barat,4K,3500,Kejaksaan Agung,,0,Blok M,,,,,,,,,,,,,,,,,,,6500
Rute-32,UI,Jalan Kaki,0,Universitas Indonesia Train Station,Bogor Line,3000,Cawang,Jalan Kaki (Integrasi),0,Cikoko Arah Barat,9,3500,Simpang Kuningan,Jalan Kaki (Integrasi),0,Hotel Maharadja,6U,3500,Blok M Jalur 3,,,Blok M,,,,,,,,,,,,,10000
Rute-33,UI,Jalan Kaki,0,Universitas Indonesia Train Station,Bogor Line,3000,Tebet,Jalan Kaki (Integrasi),0,Stasiun Tebet,6C,3500,Kuningan,13E,0,CSW,Jalan Kaki (Integrasi),0,Kejaksaan Agung,1,0,Blok M,,,,,,,,,,,,,6500
Rute-34,UI,Jalan Kaki,0,Universitas Indonesia Train Station,Bogor Line,3000,Cawang,Bogor Line,0,Manggarai,Cikarang Line,0,Sudirman,Jalan Kaki (Integrasi),0,Dukuh Atas BNI,1,,Blok M BCA,,,Blok M,,,,,,,,,,,,,3000
Rute-35,UI,Jalan Kaki,0,Universitas Indonesia Train Station,Bogor Line,3000,Cawang,Bogor Line,0,Manggarai,Cikarang Line,0,Sudirman,Jalan Kaki (Integrasi),0,Dukuh Atas,1,,Bundaran Senayan,1,,Blok M,,,Blok M,,,,,,,,,,3000
Rute-36,UI,Jalan Kaki,0,Universitas Indonesia Train Station,Bogor Line,3000,Cawang,Bogor Line,0,Manggarai,Cikarang Line,0,Sudirman,Jalan Kaki (Integrasi),0,Dukuh Atas,1,,Blok M,,,Blok M,,,,,,,,,,,,,3000
Rute-37,UI,Jalan Kaki,0,Universitas Indonesia Train Station,Bogor Line,3000,Cawang,Bogor Line,0,Manggarai,4,3500,Galunggung,Jalan Kaki (Integrasi),0,Dukuh Atas,1,,Bundaran Senayan,1,,Blok M,,,Blok M,,,,,,,,,,6500
Rute-38,UI,Jalan Kaki,0,Universitas Indonesia Train Station,Bogor Line,3000,Cawang,Bogor Line,0,Manggarai,4,3500,Galunggung,Jalan Kaki (Integrasi),0,Dukuh Atas,1,,Blok M,,,Blok M,,,,,,,,,,,,,6500
Rute-39,UI,Jalan Kaki,0,Universitas Indonesia Train Station,Bogor Line,3000,Cawang,Jalan Kaki (Integrasi),0,Cikoko,Cibubur Line,5700,Pancoran,Jalan Kaki (Integrasi),0,Pancoran Arah Barat,13B,3500,CSW 1,,,Blok M,,,,,,,,,,,,,12200
Rute-40,UI,Jalan Kaki,0,Universitas Indonesia Train Station,Bogor Line,3000,Cawang,Jalan Kaki (Integrasi),0,Cikoko,Cibubur Line,5700,Pancoran,Jalan Kaki (Integrasi),0,Pancoran Arah Barat,9D,3500,Tegal Parang 1,Jalan Kaki (Integrasi),,Tegal Mampang,6V,,Kejaksaan Agung,Blok M,,,,,,,,,12200
Rute-41,UI,Jalan Kaki,0,Universitas Indonesia Train Station,Bogor Line,3000,Cawang,Jalan Kaki (Integrasi),0,Cikoko,Cibubur Line,5700,Pancoran,Jalan Kaki (Integrasi),0,Pancoran Arah Barat,9D,3500,Tegal Parang 1,Jalan Kaki (Integrasi),,Tegal Mampang,7B,,Blok M Jalur 2,Blok M,,,,,,,,,12200
Rute-42,UI,Jalan Kaki,0,Universitas Indonesia Train Station,Bogor Line,3000,Cawang,Jalan Kaki (Integrasi),0,Cikoko,Cibubur Line,5700,Pancoran,Jalan Kaki (Integrasi),0,Pancoran Arah Barat,4K,3500,Kejaksaan Agung,,,Blok M,,,,,,,,,,,,,12200
Rute-43,UI,Jalan Kaki,0,Universitas Indonesia Train Station,Bogor Line,3000,Cawang,Jalan Kaki (Integrasi),0,Cikoko,Cibubur Line,5700,Pancoran,Jalan Kaki (Integrasi),0,Pancoran Arah Barat,9,3500,Tegal Parang Arah Barat,Jalan Kaki (Integrasi),,Tegal Mampang,6V,,Kejaksaan Agung,Blok M,,,,,,,,,12200
Rute-44,UI,Jalan Kaki,0,Universitas Indonesia Train Station,Bogor Line,3000,Cawang,Jalan Kaki (Integrasi),0,Cikoko,Cibubur Line,5700,Pancoran,Jalan Kaki (Integrasi),0,Pancoran Arah Barat,9,3500,Tegal Parang Arah Barat,Jalan Kaki (Integrasi),,Tegal Mampang,7B,,Blok M Jalur 2,Blok M,,,,,,,,,12200
Rute-45,UI,Jalan Kaki,0,Universitas Indonesia Train Station,Bogor Line,3000,Cawang,Jalan Kaki (Integrasi),0,Cikoko,Cibubur Line,5700,Pancoran,Jalan Kaki (Integrasi),0,Pancoran Arah Barat,9C,3500,,1,,Blok M,,,Blok M,,,,,,,,,,12200
Rute-46,UI,Bogor Line,3000,Depok Baru,TJ D11,3500,Cawang,Jalan Kaki (Integrasi),0,Cikoko Arah Barat,9,3500,Pancoran Arah Barat,13B,0,CSW 1,,3500,Blok M,,,,,,,,,,,,,,,,13500
Rute-47,UI,Bogor Line,3000,Depok Baru,TJ D11,3500,Cawang,Jalan Kaki (Integrasi),0,Cikoko Arah Barat,9,3500,Pancoran Arah Barat,Jalan Kaki (Integrasi),0,Pancoran ,Cibubur Line,8500,Dukuh Atas,Jalan Kaki (Integrasi),,Dukuh Atas,MRT,,Blok M,,,Blok M,,,,,,,18500
Rute-48,UI,Bogor Line,3000,Depok Baru,TJ D11,3500,Cawang,Jalan Kaki (Integrasi),0,Cikoko Arah Barat,9,3500,Pancoran Arah Barat,9D,,Tegal Parang 1,Jalan Kaki (Integrasi),,Tegal Mampang,7B,,Blok M Jalur 2,,,Blok M,,,,,,,,,,10000
Rute-49,UI,Bogor Line,3000,Depok Baru,TJ D11,3500,Cawang,Jalan Kaki (Integrasi),0,Cikoko Arah Barat,9,3500,Pancoran Arah Barat,4K,,Kejaksaan Agung,,,Blok M,,,,,,,,,,,,,,,,10000
Rute-50,UI,Bogor Line,3000,Depok Baru,TJ D11,3500,Cawang,Jalan Kaki (Integrasi),0,Cikoko Arah Barat,9,3500,Pancoran Arah Barat,9,,Tegal Parang Arah Barat,Jalan Kaki (Integrasi),,Tegal Mampang,6V,,Kejaksaan Agung,,,Blok M,,,,,,,,,,10000
Rute-51,UI,Bogor Line,3000,Depok Baru,TJ D11,3500,Cawang,Jalan Kaki (Integrasi),0,Cikoko Arah Barat,9,3500,Pancoran Arah Barat,9,,Tegal Parang Arah Barat,Jalan Kaki (Integrasi),,Tegal Mampang,7B,,Blok M Jalur 2,,,Blok M,,,,,,,,,,10000
Rute-52,UI,Bogor Line,3000,Depok Baru,TJ D11,3500,Cawang,Jalan Kaki (Integrasi),0,Cikoko Arah Barat,9,3500,Pancoran Arah Barat,9C,,Senayan Bank Jakarta,1,,Blok M,,,Blok M,,,,,,,,,,,,,10000
Rute-53,UI,Bogor Line,3000,Depok Baru,TJ D11,3500,Cawang,Jalan Kaki (Integrasi),0,Cikoko Arah Barat,9,3500,Tegal Parang Arah Barat,Jalan Kaki (Integrasi),,Tegal Mampang,6V,,Kejaksaan Agung,,,Blok M,,,,,,,,,,,,,10000
Rute-54,UI,Bogor Line,3000,Depok Baru,TJ D11,3500,Cawang,Jalan Kaki (Integrasi),0,Cikoko Arah Barat,9,3500,Tegal Parang Arah Barat,Jalan Kaki (Integrasi),,Tegal Mampang,7B,,Blok M Jalur 2,,,Blok M,,,,,,,,,,,,,10000
Rute-55,UI,Bogor Line,3000,Depok Baru,TJ D11,3500,Cawang,Jalan Kaki (Integrasi),0,Cikoko Arah Barat,9C,3500,Senayan Bank Jakarta,1,,Blok M,,,Blok M,,,,,,,,,,,,,,,,10000
Rute-56,UI,Bogor Line,3000,Depok Baru,TJ D11,3500,Cawang,Jalan Kaki (Integrasi),0,Cikoko Arah Barat,9C,3500,Bundaran Senayan,1,,Blok M,,,Blok M,,,,,,,,,,,,,,,,10000
Rute-57,UI,Bogor Line,3000,Depok Baru,TJ D11,3500,Cawang,Jalan Kaki (Integrasi),0,Cikoko Arah Barat,4K,3500,Kejaksaan Agung,,,Blok M,,,,,,,,,,,,,,,,,,,10000
Rute-58,UI,Bogor Line,3000,Depok Baru,TJ D11,3500,Cawang,Jalan Kaki (Integrasi),0,Cikoko Arah Barat,9,3500,Simpang Kuningan,Jalan Kaki (Integrasi),,Hotel Maharadja,6U,,Blok M Jalur 3,,,Blok M,,,,,,,,,,,,,10000
Rute-59,UI,Bogor Line,3000,Depok Baru,TJ D11,3500,Cawang,Bogor Line,,Manggarai,Cikarang Line,,Sudirman,Jalan Kaki (Integrasi),,Stasiun Sudirman,AC52A,,Komdak 2,Jalan Kaki (Integrasi),,Komdak 1,Bogor - Blok M,,Terminal Blok M,,,Blok M,,,,,,,6500
Rute-60,UI,Bogor Line,3000,Depok Baru,TJ D11,3500,Cawang,Bogor Line,,Manggarai,Cikarang Line,,Sudirman,Jalan Kaki (Integrasi),,Dukuh Atas BNI,Bundaran HI - Lebak Bulus,,Blok M BCA,,,Blok M,,,,,,,,,,,,,6500
Rute-61,UI,Bogor Line,3000,Depok Baru,TJ D11,3500,Cawang,Bogor Line,,Manggarai,Cikarang Line,,Sudirman,Jalan Kaki (Integrasi),,Dukuh Atas,1,,Bundaran Senayan,1,,Blok M,,,Blok M,,,,,,,,,,6500
Rute-62,UI,Bogor Line,3000,Depok Baru,TJ D11,3500,Cawang,Bogor Line,,Manggarai,Cikarang Line,,Sudirman,Jalan Kaki (Integrasi),,Dukuh Atas,1,,Blok M,,,Blok M,,,,,,,,,,,,,6500
Rute-63,UI,Bogor Line,3000,Depok Baru,TJ D11,3500,Cawang,Bogor Line,,Manggarai,4,,Galunggung,Jalan Kaki (Integrasi),,Dukuh Atas,1,,Bundaran Senayan,1,,Blok M,,,Blok M,,,,,,,,,,6500
Rute-64,UI,Bogor Line,3000,Depok Baru,TJ D11,3500,Cawang,Bogor Line,,Manggarai,4,,Galunggung,Jalan Kaki (Integrasi),,Dukuh Atas,1,,Blok M,,,Blok M,,,,,,,,,,,,,6500
Rute-65,UI,Bogor Line,3000,Depok Baru,TJ D11,3500,Cawang-Sentral 2,Jalan Kaki (Integrasi),0,Cawang-Sentral,9,3500,Cawang,Jalan Kaki (Integrasi),0,Cikoko,Cibubur Line,5700,Pancoran,,,Blok M,,,,,,,,,,,,,15700
Rute-66,UI,Bogor Line,3000,Depok Baru,TJ D11,3500,Cawang-Sentral 2,Jalan Kaki (Integrasi),0,Cawang-Sentral,9,3500,Cawang,Jalan Kaki (Integrasi),0,Cikoko,Cibubur Line,5700,Pancoran,Jalan Kaki (Integrasi),0,Pancoran Arah Barat,9D,3500,Tegal Parang 1,Jalan Kaki (Integrasi),0,Tegal Mampang,6V,0,Kejaksaan Agung,,,Blok M,19200
Rute-67,UI,Bogor Line,3000,Pasar Minggu,Jalan Kaki (Integrasi),0,Terminal Pasar Minggu,9D,3500,Simpang Kuningan,9,0,Semanggi,Jalan Kaki (Integrasi),0,Bendungan Hilir,Bundaran HI - Lebak Bulus,7000,Blok M BCA,Jalan Kaki (Integrasi),0,Blok M,,,,,,,,,,,,,13500
Rute-68,UI,Bogor Line,3000,Depok Baru,TJ D11,3500,Cawang-Sentral 2,Jalan Kaki (Integrasi),0,Cawang-Sentral,9,3500,Cawang,Jalan Kaki (Integrasi),0,Cikoko,Cibubur Line,5700,Pancoran,Jalan Kaki (Integrasi),0,Pancoran Arah Barat,4K,3500,Kejaksaan Agung,Jalan Kaki (Integrasi),0,Blok M,,,,,,,19200
Rute-69,UI,Bogor Line,3000,Depok Baru,TJ D11,3500,Cawang-Sentral 2,Jalan Kaki (Integrasi),0,Cawang-Sentral,9,3500,Cawang,Jalan Kaki (Integrasi),0,Cikoko,Cibubur Line,5700,Pancoran,Jalan Kaki (Integrasi),0,Pancoran Arah Barat,9,3500,Tegal Parang Arah Barat,Jalan Kaki (Integrasi),0,Tegal Mampang,6V,0,Kejaksaan Agung,,,Blok M,19200
Rute-70,UI,Bogor Line,3000,Depok Baru,TJ D11,3500,Cawang-Sentral 2,Jalan Kaki (Integrasi),0,Cawang-Sentral,9,3500,Cawang,Jalan Kaki (Integrasi),0,Cikoko,Cibubur Line,5700,Pancoran,Jalan Kaki (Integrasi),0,Pancoran Arah Barat,9,3500,Tegal Parang Arah Barat,Jalan Kaki (Integrasi),0,Tegal Mampang,7B,0,Blok M Jalur 2,,,Blok M,19200
Rute-71,UI,Bogor Line,3000,Depok Baru,TJ D11,3500,Cawang-Sentral 2,Jalan Kaki (Integrasi),0,Cawang-Sentral,9,3500,Cawang,Jalan Kaki (Integrasi),0,Cikoko,Cibubur Line,5700,Pancoran,Jalan Kaki (Integrasi),0,Pancoran Arah Barat,9C,3500,Senayan Bank Jakarta,1,0,Blok M,,,Blok M,,,,19200
Rute-72,UI,4B,3500,Pasar Minggu,6T,3500,St. MRT Blok A ,MRT,3000,Blok M,,,,,,,,,,,,,,,,,,,,,,,,,10000
Rute-73,UI,Jalan Kaki,0,Universitas Indonesia Train Station,Bogor Line,3000,Pasar Minggu,6T,3500,St. MRT Blok A ,MRT,3000,Blok M,,,,,,,,,,,,,,,,,,,,,,9500
Rute-74,UI,Jalan Kaki,0,Universitas Indonesia Train Station,Bogor Line,3000,Duren Kalibata,7Q,3500,Blok M,,,,,,,,,,,,,,,,,,,,,,,,,6500
Rute-75,UI,Jalan Kaki,0,Universitas Indonesia Train Station,Bogor Line,3000,Cawang,Jalan Kaki (Integrasi),0,Cikoko,Cibubur Line,9900,Dukuh Atas,Jalan Kaki (Integrasi),0,Dukuh Atas,MRT,7000,Blok M,,,Blok M,,,,,,,,,,,,,19900
Rute-76,UI,TJ 4B,3500,Bus Stop Pasar Minggu,6U,3500,Terminal Blok M,,0,Blok M,,,,,,,,,,,,,,,,,,,,,,,,,7000
Rute-77,UI,TJ 4B,3500,Manggarai,6M,3500,Blok M,,0,,,,,,,,,,,,,,,,,,,,,,,,,,7000
Rute-78,UI,Jalan Kaki,0,Universitas Indonesia Train Station,Bogor Line,3000,St. Manggarai,6M,3500,Blok M,,,,,,,,,,,,,,,,,,,,,,,,,6500
Rute-79,UI,Bogor Line,3000,Depok Baru,TJ D11,3500,Cawang,Bogor Line,,Cikini Station,Jalan Kaki (Integrasi),,SMPN 8,4C,,Bundaran Senayan 1,1P,,Blok M Jalur 2,,,Blok M,,,,,,,,,,,,,6500
Rute-80,UI,Bogor Line,3000,Depok Baru,TJ D11,3500,Cawang,Bogor Line,,Cikini Station,Jalan Kaki (Integrasi),,SMPN 8,4C,,Bundaran Senayan 1,Bogor - Blok M,,Terminal Blok M,,,Blok M,,,,,,,,,,,,,6500
Rute-81,UI,Bogor Line,3000,Depok Baru,TJ D11,3500,Cawang,Bogor Line,,Tebet,Jalan Kaki (Integrasi),,Stasiun Tebet,6D,,Bundaran Senayan 1,1P,,Blok M Jalur 2,,,Blok M,,,,,,,,,,,,,6500
Rute-82,UI,Bogor Line,3000,Depok Baru,TJ D11,3500,Cawang,Bogor Line,,Tebet,Jalan Kaki (Integrasi),,Stasiun Tebet,6D,,Bundaran Senayan 1,Bogor - Blok M,,Terminal Blok M,,,Blok M,,,,,,,,,,,,,6500
Rute-83,UI,Bogor Line,3000,Depok Baru,TJ D11,3500,Cawang,Bogor Line,,Tanjung Barat,Jalan Kaki (Integrasi),,St. Tj. Barat 2,D21,,St. MRT Fatmawati,Jalan Kaki (Integrasi),,Fatmawati Indomaret,Bundaran HI - Lebak Bulus,,Blok M BCA,,,Blok M,,,,,,,,,,6500
Rute-84,UI,Bogor Line,3000,Depok Baru,TJ D11,3500,Cawang,Bogor Line,,Pasar Minggu Station,Jalan Kaki (Integrasi),,Terminal Pasar Minggu,6T,,St. MRT Blok A,,,Blok M,,,,,,,,,,,,,,,,6500
Rute-85,UI,Bogor Line,3000,Depok Baru,TJ D11,3500,Cawang,Bogor Line,,Duren Kalibata,Jalan Kaki (Integrasi),,[7Q]--> St. MRT Blok M,7Q,,Blok M,,,,,,,,,,,,,,,,,,,6500
Rute-86,UI,TJ 4B,3500,Manggarai,Bogor Line,3000,Cikini Station,Jalan Kaki (Integrasi),0,SMPN 8,4C,3500,Bundaran Senayan 1,1P,,Blok M Jalur 2,,,Blok M,,,,,,,,,,,,,,,,10000
Rute-87,UI,TJ 4B,3500,Manggarai,Bogor Line,3000,Cikini Station,Jalan Kaki (Integrasi),0,SMPN 8,4C,3500,Bundaran Senayan 1,Bogor - Blok M,,Terminal Blok M,,,Blok M,,,,,,,,,,,,,,,,10000
Rute-88,UI,TJ 4B,3500,Manggarai,Bogor Line,3000,Tebet,Jalan Kaki (Integrasi),0,Stasiun Tebet,6D,3500,Bundaran Senayan 1,1P,,Blok M Jalur 2,,,Blok M,,,,,,,,,,,,,,,,10000
Rute-89,UI,TJ 4B,3500,Manggarai,Bogor Line,3000,Tebet,Jalan Kaki (Integrasi),0,Stasiun Tebet,6D,3500,Bundaran Senayan 1,Bogor - Blok M,,Terminal Blok M,,,Blok M,,,,,,,,,,,,,,,,10000
Rute-90,UI,TJ 4B,3500,Manggarai,Bogor Line,3000,Tanjung Barat,Jalan Kaki (Integrasi),0,St. Tj. Barat 2,D21,3500,St. MRT Fatmawati,Jalan Kaki (Integrasi),,Fatmawati Indomaret,Bundaran HI - Lebak Bulus,,Blok M BCA,,,Blok M,,,,,,,,,,,,,10000
Rute-91,UI,TJ 4B,3500,Manggarai,Bogor Line,3000,Pasar Minggu Station,Jalan Kaki (Integrasi),0,Terminal Pasar Minggu,6T,3500,St. MRT Blok A,,,Blok M,,,,,,,,,,,,,,,,,,,10000
Rute-92,UI,TJ 4B,3500,Manggarai,Bogor Line,3000,Duren Kalibata,Jalan Kaki (Integrasi),0,Duren Kalibata,7Q,3500, St. MRT Blok M,,,Blok M,,,,,,,,,,,,,,,,,,,10000
,,,,,,,,,,,,,,,,,,,,,,,,,,,,,,,,,,,
,,,,,,,,,,,,,,,,,,,,,,,,,,,,,,,,,,,
,Gambar Graf :,,,,,,,,,,,,,,,,,,,,,,,,,,,,,,,,,,